domain,category,size_tier,keyword,featured_urls,url_count,snapshot_date
drinkolipop.com,beverages,small,prebiotic soda,[],0,2026-02-27
drinkolipop.com,beverages,small,probiotic soda,[],0,2026-02-27
drinkolipop.com,beverages,small,olipop flavors,[],0,2026-02-27
drinkolipop.com,beverages,small,does olipop have caffeine,[],0,2026-02-27
drinkolipop.com,beverages,small,is olipop good for you,[],0,2026-02-27
drinkolipop.com,beverages,small,olipop ingredients,[],0,2026-02-27
drinkolipop.com,beverages,small,drinks without caffeine,[],0,2026-02-27
drinkolipop.com,beverages,small,tropical punch,[],0,2026-02-27
drinkolipop.com,beverages,small,caffeine free drinks,[],0,2026-02-27
drinkolipop.com,beverages,small,non caffeinated drinks,[],0,2026-02-27
drinkolipop.com,beverages,small,non caffeine drinks,[],0,2026-02-27
drinkolipop.com,beverages,small,orange squeeze,[],0,2026-02-27
drinkolipop.com,beverages,small,allulose vs stevia,[],0,2026-02-27
drinkolipop.com,beverages,small,caffeine free,[],0,2026-02-27
drinkolipop.com,beverages,small,olli pop,[],0,2026-02-27
drinkolipop.com,beverages,small,flavored drink,[],0,2026-02-27
drinkolipop.com,beverages,small,flavored drinks,[],0,2026-02-27
drinkolipop.com,beverages,small,what is olipop,[],0,2026-02-27
drinkolipop.com,beverages,small,creaming soda,[],0,2026-02-27
drinkolipop.com,beverages,small,dr pepper alternative,[],0,2026-02-27
drinkolipop.com,beverages,small,stevia vs erythritol,[],0,2026-02-27
drinkolipop.com,beverages,small,erythritol or stevia,[],0,2026-02-27
drinkolipop.com,beverages,small,free caffeine,[],0,2026-02-27
drinkolipop.com,beverages,small,acacia fiber benefits,[],0,2026-02-27
drinkolipop.com,beverages,small,gut detox drink,[],0,2026-02-27
drinkolipop.com,beverages,small,benefits acacia fiber,[],0,2026-02-27
drinkolipop.com,beverages,small,olipop soda nutrition facts,[],0,2026-02-27
drinkolipop.com,beverages,small,olipop nutrition,[],0,2026-02-27
drinkolipop.com,beverages,small,olipop nutrition label,[],0,2026-02-27
drinkolipop.com,beverages,small,ridge rush,[],0,2026-02-27
drinkolipop.com,beverages,small,v8 energy drink caffeine,[],0,2026-02-27
drinkolipop.com,beverages,small,vintage cola,[],0,2026-02-27
drinkolipop.com,beverages,small,shirley temple calories,[],0,2026-02-27
drinkolipop.com,beverages,small,acacia powder benefits,[],0,2026-02-27
drinkolipop.com,beverages,small,is olipop soda,[],0,2026-02-27
drinkolipop.com,beverages,small,olipop healthy,[],0,2026-02-27
drinkolipop.com,beverages,small,benefits of acacia powder,[],0,2026-02-27
drinkolipop.com,beverages,small,decaf drinks,[],0,2026-02-27
drinkolipop.com,beverages,small,is there caffeine in lemonade,[],0,2026-02-27
drinkolipop.com,beverages,small,zero calorie vodka,[],0,2026-02-27
drinkolipop.com,beverages,small,low carb soda drinks,[],0,2026-02-27
drinkolipop.com,beverages,small,caffeine free alternatives,[],0,2026-02-27
drinkolipop.com,beverages,small,do lollipops have caffeine,[],0,2026-02-27
drinkolipop.com,beverages,small,benefits of acacia,[],0,2026-02-27
drinkolipop.com,beverages,small,olipop caffeine,[],0,2026-02-27
drinkolipop.com,beverages,small,soda flavored,[],0,2026-02-27
drinkolipop.com,beverages,small,caffeine free drinks list,[],0,2026-02-27
drinkolipop.com,beverages,small,what is acacia fiber,[],0,2026-02-27
drinkolipop.com,beverages,small,creaming soda ingredients,[],0,2026-02-27
drinkolipop.com,beverages,small,diet soda brands,[],0,2026-02-27
drinkolipop.com,beverages,small,definition of added sugar,[],0,2026-02-27
drinkolipop.com,beverages,small,define added sugars,[],0,2026-02-27
drinkolipop.com,beverages,small,ingredients in cream soda,[],0,2026-02-27
drinkolipop.com,beverages,small,why is olipop so expensive,[],0,2026-02-27
drinkolipop.com,beverages,small,caffeine free drinks at dunkin,[],0,2026-02-27
drinkolipop.com,beverages,small,classic root beer,[],0,2026-02-27
drinkolipop.com,beverages,small,dunkin drinks without caffeine,[],0,2026-02-27
drinkolipop.com,beverages,small,what drinks have no caffeine,[],0,2026-02-27
drinkolipop.com,beverages,small,flavored soft drink,[],0,2026-02-27
drinkolipop.com,beverages,small,flavored soft drinks,[],0,2026-02-27
drinkolipop.com,beverages,small,benefits of prebiotic fiber,[],0,2026-02-27
drinkolipop.com,beverages,small,plant based sugar alternative,[],0,2026-02-27
drinkolipop.com,beverages,small,drink without caffeine,[],0,2026-02-27
drinkolipop.com,beverages,small,what is cream soda made of,[],0,2026-02-27
drinkolipop.com,beverages,small,stevia vs swerve,[],0,2026-02-27
drinkolipop.com,beverages,small,no sugar no caffeine drinks,[],0,2026-02-27
drinkolipop.com,beverages,small,what soda does not have high fructose corn syrup,[],0,2026-02-27
drinkolipop.com,beverages,small,olipop soda calories,[],0,2026-02-27
drinkolipop.com,beverages,small,healthy dr pepper,[],0,2026-02-27
drinkolipop.com,beverages,small,what drinks are caffeine free,[],0,2026-02-27
drinkolipop.com,beverages,small,caffeine in cream soda,[],0,2026-02-27
drinkolipop.com,beverages,small,where is olipop sold,[],0,2026-02-27
drinkolipop.com,beverages,small,is olipop healthy,[],0,2026-02-27
drinkolipop.com,beverages,small,artichoke inulin,[],0,2026-02-27
drinkolipop.com,beverages,small,best caffeine free drinks,[],0,2026-02-27
drinkolipop.com,beverages,small,how many calories in a shirley temple,[],0,2026-02-27
drinkolipop.com,beverages,small,how much caffeine in arnold palmer lite,[],0,2026-02-27
drinkolipop.com,beverages,small,inulin artichoke,[],0,2026-02-27
drinkolipop.com,beverages,small,list of fiber content in foods,[],0,2026-02-27
drinkolipop.com,beverages,small,dunkin caffeine free drinks,[],0,2026-02-27
drinkolipop.com,beverages,small,ito en unsweetened green tea caffeine,[],0,2026-02-27
drinkolipop.com,beverages,small,ollie's bargain outlet locations near me,[],0,2026-02-27
drinkolipop.com,beverages,small,olipop make you poop,[],0,2026-02-27
drinkolipop.com,beverages,small,what are fiber used for,[],0,2026-02-27
drinkolipop.com,beverages,small,what can i drink instead of coffee in the morning,[],0,2026-02-27
drinkolipop.com,beverages,small,food list fiber content,[],0,2026-02-27
drinkolipop.com,beverages,small,olipop soda caffeine,[],0,2026-02-27
drinkolipop.com,beverages,small,olipop shark tank,[],0,2026-02-27
drinkolipop.com,beverages,small,liquid stevia substitute,[],0,2026-02-27
drinkolipop.com,beverages,small,caffeinated cereal,[],0,2026-02-27
drinkolipop.com,beverages,small,acacia ingredient,[],0,2026-02-27
drinkolipop.com,beverages,small,natural sugar intake per day,[],0,2026-02-27
drinkolipop.com,beverages,small,snack and soda,[],0,2026-02-27
drinkolipop.com,beverages,small,what is cream soda made out of,[],0,2026-02-27
drinkolipop.com,beverages,small,dunkin donuts caffeine free drinks,[],0,2026-02-27
drinkolipop.com,beverages,small,low sugar soy sauce,[],0,2026-02-27
drinkolipop.com,beverages,small,different root beers,[],0,2026-02-27
drinkolipop.com,beverages,small,caffeine free drinks at mcdonald's,[],0,2026-02-27
drinkolipop.com,beverages,small,coffee alternatives in the morning,[],0,2026-02-27
drinkolipop.com,beverages,small,variety of soda,[],0,2026-02-27
shakeshack.com,fast_food,small,shack,[],0,2026-02-27
shakeshack.com,fast_food,small,shake shack promo code,[],0,2026-02-27
shakeshack.com,fast_food,small,shake shack calories,[],0,2026-02-27
shakeshack.com,fast_food,small,shake shack deals,[],0,2026-02-27
shakeshack.com,fast_food,small,shake shack promo,[],0,2026-02-27
shakeshack.com,fast_food,small,shake shack gluten free,[],0,2026-02-27
shakeshack.com,fast_food,small,shake shack menu with prices,[],0,2026-02-27
shakeshack.com,fast_food,small,shake shack prices,[],0,2026-02-27
shakeshack.com,fast_food,small,truffle burger,[],0,2026-02-27
shakeshack.com,fast_food,small,shake n,[],0,2026-02-27
shakeshack.com,fast_food,small,shack menu,[],0,2026-02-27
shakeshack.com,fast_food,small,shaka shack menu,[],0,2026-02-27
shakeshack.com,fast_food,small,burger meal,[],0,2026-02-27
shakeshack.com,fast_food,small,shack burger calories,[],0,2026-02-27
shakeshack.com,fast_food,small,hamburger month,[],0,2026-02-27
shakeshack.com,fast_food,small,free chicken sandwich,[],0,2026-02-27
shakeshack.com,fast_food,small,new shake shack location,[],0,2026-02-27
shakeshack.com,fast_food,small,shacks bbq menu,[],0,2026-02-27
shakeshack.com,fast_food,small,shake shack new locations,[],0,2026-02-27
shakeshack.com,fast_food,small,shake shack deals today,[],0,2026-02-27
shakeshack.com,fast_food,small,shake shack head office,[],0,2026-02-27
shakeshack.com,fast_food,small,shake shack vegetarian options,[],0,2026-02-27
shakeshack.com,fast_food,small,shake shack onion rings,[],0,2026-02-27
shakeshack.com,fast_food,small,shake shack ingredients,[],0,2026-02-27
shakeshack.com,fast_food,small,shake shack texas,[],0,2026-02-27
shakeshack.com,fast_food,small,shake shack menu gluten free,[],0,2026-02-27
shakeshack.com,fast_food,small,burger shack calories,[],0,2026-02-27
shakeshack.com,fast_food,small,shake shack birmingham menu,[],0,2026-02-27
shakeshack.com,fast_food,small,where is the shake shack,[],0,2026-02-27
shakeshack.com,fast_food,small,shake shack in citi field,[],0,2026-02-27
shakeshack.com,fast_food,small,shake shack veggie burger,[],0,2026-02-27
shakeshack.com,fast_food,small,chicken shack calories,[],0,2026-02-27
shakeshack.com,fast_food,small,does shake shack delivery,[],0,2026-02-27
shakeshack.com,fast_food,small,non dairy shake,[],0,2026-02-27
shakeshack.com,fast_food,small,does shake shack deliver,[],0,2026-02-27
shakeshack.com,fast_food,small,rt 17 paramus nj,[],0,2026-02-27
shakeshack.com,fast_food,small,national burger month,[],0,2026-02-27
shakeshack.com,fast_food,small,national hamburger month,[],0,2026-02-27
shakeshack.com,fast_food,small,halal shake shack,[],0,2026-02-27
shakeshack.com,fast_food,small,shake shack menu near me,[],0,2026-02-27
shakeshack.com,fast_food,small,shake shack double cheeseburger calories,[],0,2026-02-27
shakeshack.com,fast_food,small,places to eat at fort lauderdale airport,[],0,2026-02-27
shakeshack.com,fast_food,small,first shake shack,[],0,2026-02-27
shakeshack.com,fast_food,small,shake shack halal,[],0,2026-02-27
shakeshack.com,fast_food,small,shake a burger,[],0,2026-02-27
shakeshack.com,fast_food,small,calories shake shack,[],0,2026-02-27
shakeshack.com,fast_food,small,free burger,[],0,2026-02-27
shakeshack.com,fast_food,small,shake shack menupages,[],0,2026-02-27
shakeshack.com,fast_food,small,burgers coupons,[],0,2026-02-27
shakeshack.com,fast_food,small,calories in shake shack cheeseburger,[],0,2026-02-27
shakeshack.com,fast_food,small,coupon chicken,[],0,2026-02-27
shakeshack.com,fast_food,small,fried chicken coupon,[],0,2026-02-27
shakeshack.com,fast_food,small,how many calories in a shake shack burger,[],0,2026-02-27
shakeshack.com,fast_food,small,restaurants in montgomery village santa rosa ca,[],0,2026-02-27
shakeshack.com,fast_food,small,rt 17 nj restaurants,[],0,2026-02-27
shakeshack.com,fast_food,small,shake shack cheeseburger calories,[],0,2026-02-27
shakeshack.com,fast_food,small,shake shack fries gluten free,[],0,2026-02-27
shakeshack.com,fast_food,small,shake shack vegan burger,[],0,2026-02-27
shakeshack.com,fast_food,small,vegan shake shack,[],0,2026-02-27
shakeshack.com,fast_food,small,shake shack franchise cost,[],0,2026-02-27
shakeshack.com,fast_food,small,shake shack buns,[],0,2026-02-27
shakeshack.com,fast_food,small,shake shack birthday,[],0,2026-02-27
shakeshack.com,fast_food,small,shake shack smashburger,[],0,2026-02-27
shakeshack.com,fast_food,small,shake shack franchise price,[],0,2026-02-27
shakeshack.com,fast_food,small,shake shack california locations,[],0,2026-02-27
shakeshack.com,fast_food,small,steak and shake hot dog,[],0,2026-02-27
shakeshack.com,fast_food,small,shake shack franchise costs,[],0,2026-02-27
shakeshack.com,fast_food,small,chicken sandwich deals,[],0,2026-02-27
shakeshack.com,fast_food,small,chicken sandwich deal,[],0,2026-02-27
shakeshack.com,fast_food,small,promo code shake shack,[],0,2026-02-27
shakeshack.com,fast_food,small,shake shack vegetarian burger,[],0,2026-02-27
shakeshack.com,fast_food,small,vegetarian shake shack,[],0,2026-02-27
shakeshack.com,fast_food,small,shake shack salad,[],0,2026-02-27
shakeshack.com,fast_food,small,shakes chicken,[],0,2026-02-27
shakeshack.com,fast_food,small,address jfk airport terminal 4,[],0,2026-02-27
shakeshack.com,fast_food,small,how many calories in shake shack burger,[],0,2026-02-27
shakeshack.com,fast_food,small,chicago milkshake,[],0,2026-02-27
shakeshack.com,fast_food,small,calories cheeseburger,[],0,2026-02-27
shakeshack.com,fast_food,small,shake shack news,[],0,2026-02-27
shakeshack.com,fast_food,small,steak and shake near me now,[],0,2026-02-27
shakeshack.com,fast_food,small,shake shack chicken nuggets,[],0,2026-02-27
shakeshack.com,fast_food,small,double shack burger calories,[],0,2026-02-27
shakeshack.com,fast_food,small,shake shack time,[],0,2026-02-27
shakeshack.com,fast_food,small,calories cheesburger,[],0,2026-02-27
shakeshack.com,fast_food,small,shake menu,[],0,2026-02-27
shakeshack.com,fast_food,small,steak and shake veterans day,[],0,2026-02-27
shakeshack.com,fast_food,small,how many calories in 1 burger,[],0,2026-02-27
shakeshack.com,fast_food,small,steak and shake okc ok,[],0,2026-02-27
shakeshack.com,fast_food,small,shake shack delivery app,[],0,2026-02-27
shakeshack.com,fast_food,small,shake shack holiday shakes,[],0,2026-02-27
shakeshack.com,fast_food,small,shake shack truffle,[],0,2026-02-27
shakeshack.com,fast_food,small,shake shack chocolate milkshake,[],0,2026-02-27
shakeshack.com,fast_food,small,shake shack cheese fries calories,[],0,2026-02-27
shakeshack.com,fast_food,small,veggie burger shake shack,[],0,2026-02-27
shakeshack.com,fast_food,small,shake shack original location,[],0,2026-02-27
shakeshack.com,fast_food,small,shake new,[],0,2026-02-27
shakeshack.com,fast_food,small,shake truck,[],0,2026-02-27
shakeshack.com,fast_food,small,shake shack atlanta menu,[],0,2026-02-27
shakeshack.com,fast_food,small,how many calories in cheeseburger and fries,[],0,2026-02-27
shakeshack.com,fast_food,small,calories hamburger,[],0,2026-02-27
